{
  "farmer": [
    {
      "id": 1,
      "assetid": "5286",
      "userid": "F002",
      "lotid": "123",
      "location": "texas",
      "weight": "300pounds",
      "cattletype": "Breeding Heir",
      "target": "ph02",
      "birthdate": "12-12-2008",
      "age": "10"
    },
    {
      "id": 1,
      "assetid": "5287",
      "userid": "F001",
      "lotid": "1123",
      "location": "texas",
      "weight": "2000pounds",
      "cattletype": "Breeding Heir",
      "target": "ph02",
      "birthdate": "12-05-2014",
      "age": "4"
    },
    {
      "id": 1,
      "assetid": "5288",
      "location": "texas",
      "weight": "2000pounds",
      "cattletype": "Breeding Heir",
      "target": "ph02",
      "birthdate": "12-05-2014",
      "age": "4"
    },
    {
      "assetid": "5288",
      "location": "texas",
      "weight": "2000pounds",
      "cattletype": "Breeding Heir",
      "id": 2
    }
  ],
  "processingHouse": [
    {
      "assetid": "1234",
      "userid": "4567",
      "status": "processing",
      "target": "warehouse1",
      "packingdate": "12-12-2018",
      "useby": "18-12-2018",
      "location": "houston"
    },
    {
      "assetid": "12345",
      "userid": "45678",
      "status": "processing",
      "target": "warehouse2",
      "packingdate": "12-12-2018",
      "useby": "18-12-2018",
      "location": "houston"
    },
    {
      "assetid": "123456",
      "userid": "456789",
      "status": "processing",
      "target": "warehouse3",
      "packingdate": "12-12-2018",
      "useby": "18-12-2018",
      "location": "houston"
    }
  ],
  "wareHouse": [
    {
      "assetid": "666",
      "userid": "66666",
      "status": "processing",
      "target": "warehouse1",
      "binlocation": "loc1A",
      "racktype": "rack3B",
      "deliverby": "12-12-18",
      "intime":"12-10-2018",
      "location": "detroit"
    },
    {
      "assetid": "7777",
      "userid": "77777",
      "status": "processing",
      "target": "warehouse1",
      "binlocation": "loc2A",
      "racktype": "rack6B",
      "deliverby": "12-12-18",
      "intime":"12-10-2018",
      "location": "detroit"
    },
    {
      "assetid": "123456",
      "userid": "456789",
      "status": "processing",
      "target": "warehouse3",
      "binlocation": "loc2A",
      "racktype": "rack3B",
      "deliverby": "12-12-18",
      "intime":"12-10-2018",
      "location": "detroit"
    }
  ],
  "iotdata": [
    {
      "binlocation": "loc1A",
      "endtime": "13-12-18"
    },
    {
      "binlocation": "loc2A",
      "endtime": "13-12-18"
    },
    {
      "binlocation": "loc3A",
      "endtime": "13-12-18"
    }
  ]
}